{"stats":{"minecraft:custom":{"minecraft:time_since_rest":95539,"minecraft:crouch_one_cm":364,"minecraft:sprint_one_cm":8192,"minecraft:play_time":535781,"minecraft:walk_one_cm":2587,"minecraft:deaths":2,"minecraft:sneak_time":47840,"minecraft:jump":47,"minecraft:leave_game":1,"minecraft:time_since_death":95516,"minecraft:total_world_time":535781,"minecraft:fly_one_cm":17173582},"minecraft:picked_up":{"minecraft:repeater":2,"minecraft:redstone_torch":2,"minecraft:redstone":16},"minecraft:used":{"minecraft:redstone_torch":10,"minecraft:purple_stained_glass":8,"minecraft:dark_oak_stairs":5,"minecraft:glass":23,"minecraft:blue_terracotta":17,"minecraft:lever":4,"minecraft:cyan_terracotta":1,"minecraft:repeater":18,"minecraft:redstone_lamp":8,"minecraft:lime_terracotta":4,"minecraft:anvil":4,"minecraft:black_stained_glass":1,"minecraft:spruce_wood":17,"minecraft:blue_stained_glass":2,"minecraft:yellow_stained_glass":2,"minecraft:lime_stained_glass":4,"minecraft:spruce_stairs":1,"minecraft:redstone":15,"minecraft:andesite_slab":3,"minecraft:gold_block":4,"minecraft:deepslate_brick_slab":13,"minecraft:dark_oak_slab":4,"minecraft:magenta_stained_glass":5,"minecraft:light_blue_stained_glass":2,"minecraft:cyan_stained_glass":3}},"DataVersion":3700}